symbol,method,impulse_min_bps,latency_ms,bar_ms,n_events,mean_gross_bps,best_hour_gross_bps,mean_net_bps,best_hour_net_bps,follow_through,positive_hours,med_slip_bps,pass_candidate
BTCUSDT,event,3.0,80,50,1193,2.297,3.725,-9.224,-7.796,0.827,0,0.521,False
BTCUSDT,bar,3.0,80,50,1468,1.321,2.008,-10.2,-9.513,0.71,0,0.521,False
BTCUSDT,event,3.0,80,100,1509,1.226,2.183,-10.295,-9.338,0.698,0,0.521,False
BTCUSDT,bar,3.0,80,100,1655,0.851,1.415,-10.67,-10.106,0.636,0,0.521,False
BTCUSDT,event,3.0,150,50,1193,2.459,4.031,-9.061,-7.49,0.812,0,0.521,False
BTCUSDT,bar,3.0,150,50,1468,1.352,2.209,-10.169,-9.312,0.705,0,0.521,False
BTCUSDT,event,3.0,150,100,1509,1.339,2.474,-10.182,-9.047,0.685,0,0.521,False
BTCUSDT,bar,3.0,150,100,1655,0.865,1.553,-10.656,-9.968,0.635,0,0.521,False
BTCUSDT,event,3.0,250,50,1193,2.487,3.782,-9.033,-7.739,0.816,0,0.521,False
BTCUSDT,bar,3.0,250,50,1468,1.373,2.592,-10.147,-8.929,0.679,0,0.521,False
BTCUSDT,event,3.0,250,100,1509,1.339,2.171,-10.182,-9.35,0.691,0,0.521,False
BTCUSDT,bar,3.0,250,100,1655,0.924,1.55,-10.597,-9.971,0.63,0,0.521,False
BTCUSDT,event,5.0,80,50,296,3.651,10.101,-7.87,-1.42,0.855,0,0.521,False
BTCUSDT,bar,5.0,80,50,330,2.098,10.069,-9.423,-1.451,0.691,0,0.521,False
BTCUSDT,event,5.0,80,100,356,1.916,4.317,-9.605,-7.204,0.705,0,0.521,False
BTCUSDT,bar,5.0,80,100,370,1.27,2.332,-10.251,-9.189,0.63,0,0.521,False
BTCUSDT,event,5.0,150,50,296,3.805,10.148,-7.716,-1.372,0.814,0,0.521,False
BTCUSDT,bar,5.0,150,50,330,2.181,10.432,-9.34,-1.088,0.715,0,0.521,False
BTCUSDT,event,5.0,150,100,356,2.1,4.27,-9.421,-7.25,0.671,0,0.521,False
BTCUSDT,bar,5.0,150,100,370,1.201,3.35,-10.32,-8.17,0.624,0,0.521,False
BTCUSDT,event,5.0,250,50,296,3.854,10.432,-7.667,-1.088,0.845,0,0.521,False
BTCUSDT,bar,5.0,250,50,330,2.11,9.201,-9.41,-2.319,0.715,0,0.521,False
BTCUSDT,event,5.0,250,100,356,2.054,4.286,-9.467,-7.235,0.691,0,0.521,False
BTCUSDT,bar,5.0,250,100,370,1.168,4.363,-10.353,-7.157,0.608,0,0.521,False
BTCUSDT,event,8.0,80,50,76,5.787,13.616,-5.734,2.095,0.882,2,0.521,False
BTCUSDT,bar,8.0,80,50,72,4.049,11.406,-7.472,-0.115,0.778,0,0.521,False
BTCUSDT,event,8.0,80,100,74,4.241,16.66,-7.28,5.139,0.865,3,0.521,True
BTCUSDT,bar,8.0,80,100,78,3.128,10.097,-8.393,-1.424,0.769,0,0.521,False
BTCUSDT,event,8.0,150,50,76,6.25,16.665,-5.271,5.144,0.829,3,0.521,True
BTCUSDT,bar,8.0,150,50,72,4.299,10.097,-7.222,-1.424,0.806,0,0.521,False
BTCUSDT,event,8.0,150,100,74,4.745,16.665,-6.776,5.144,0.784,3,0.521,True
BTCUSDT,bar,8.0,150,100,78,2.957,8.305,-8.564,-3.216,0.769,0,0.521,False
BTCUSDT,event,8.0,250,50,76,6.491,14.373,-5.03,2.852,0.882,2,0.521,False
BTCUSDT,bar,8.0,250,50,72,4.09,11.456,-7.431,-0.065,0.847,0,0.521,False
BTCUSDT,event,8.0,250,100,74,4.771,15.29,-6.749,3.77,0.865,2,0.521,False
BTCUSDT,bar,8.0,250,100,78,3.09,8.009,-8.431,-3.512,0.731,0,0.521,False
BTCUSDT,event,12.0,80,50,19,9.205,18.319,-2.316,6.798,0.947,3,0.521,True
BTCUSDT,bar,12.0,80,50,19,7.114,19.617,-4.407,8.097,0.895,2,0.521,False
BTCUSDT,event,12.0,80,100,18,6.692,18.319,-4.829,6.798,1.0,2,0.521,False
BTCUSDT,bar,12.0,80,100,18,5.846,11.095,-5.675,-0.425,0.833,0,0.521,False
BTCUSDT,event,12.0,150,50,19,10.561,26.528,-0.96,15.007,0.947,5,0.521,True
BTCUSDT,bar,12.0,150,50,19,6.878,21.254,-4.643,9.733,0.895,1,0.521,False
BTCUSDT,event,12.0,150,100,18,8.221,26.528,-3.3,15.007,0.889,3,0.521,True
BTCUSDT,bar,12.0,150,100,18,5.387,14.555,-6.134,3.034,0.833,1,0.521,False
BTCUSDT,event,12.0,250,50,19,10.361,22.97,-1.16,11.45,0.947,3,0.521,True
BTCUSDT,bar,12.0,250,50,19,6.587,19.617,-4.934,8.097,0.895,2,0.521,False
BTCUSDT,event,12.0,250,100,18,8.25,22.072,-3.271,10.551,0.889,2,0.521,False
BTCUSDT,bar,12.0,250,100,18,5.719,13.62,-5.802,2.099,0.833,1,0.521,False
ETHUSDT,event,3.0,80,50,2000,2.444,3.228,-9.077,-8.293,0.819,0,0.521,False
ETHUSDT,bar,3.0,80,50,2000,1.249,2.212,-10.272,-9.309,0.664,0,0.521,False
ETHUSDT,event,3.0,80,100,2000,1.373,2.002,-10.148,-9.519,0.699,0,0.521,False
ETHUSDT,bar,3.0,80,100,2000,0.803,1.333,-10.718,-10.188,0.618,0,0.521,False
ETHUSDT,event,3.0,150,50,2000,2.457,3.376,-9.064,-8.145,0.787,0,0.521,False
ETHUSDT,bar,3.0,150,50,2000,1.269,2.263,-10.252,-9.258,0.642,0,0.521,False
ETHUSDT,event,3.0,150,100,2000,1.391,2.066,-10.13,-9.455,0.692,0,0.521,False
ETHUSDT,bar,3.0,150,100,2000,0.784,1.381,-10.737,-10.14,0.598,0,0.521,False
ETHUSDT,event,3.0,250,50,2000,2.429,3.467,-9.092,-8.054,0.767,0,0.521,False
ETHUSDT,bar,3.0,250,50,2000,1.213,2.146,-10.308,-9.375,0.61,0,0.521,False
ETHUSDT,event,3.0,250,100,2000,1.327,1.888,-10.194,-9.633,0.673,0,0.521,False
ETHUSDT,bar,3.0,250,100,2000,0.74,1.323,-10.781,-10.198,0.577,0,0.521,False
ETHUSDT,event,5.0,80,50,937,3.774,5.101,-7.747,-6.42,0.797,0,0.521,False
ETHUSDT,bar,5.0,80,50,1063,1.991,3.155,-9.53,-8.365,0.647,0,0.521,False
ETHUSDT,event,5.0,80,100,1156,1.81,2.667,-9.711,-8.854,0.627,0,0.521,False
ETHUSDT,bar,5.0,80,100,1209,1.118,1.857,-10.403,-9.664,0.561,0,0.521,False
ETHUSDT,event,5.0,150,50,937,3.783,4.999,-7.738,-6.522,0.776,0,0.521,False
ETHUSDT,bar,5.0,150,50,1063,2.022,3.084,-9.499,-8.436,0.623,0,0.521,False
ETHUSDT,event,5.0,150,100,1156,1.804,2.743,-9.716,-8.778,0.619,0,0.521,False
ETHUSDT,bar,5.0,150,100,1209,1.097,1.815,-10.424,-9.706,0.553,0,0.521,False
ETHUSDT,event,5.0,250,50,937,3.683,4.91,-7.838,-6.611,0.747,0,0.521,False
ETHUSDT,bar,5.0,250,50,1063,1.918,3.006,-9.603,-8.515,0.61,0,0.521,False
ETHUSDT,event,5.0,250,100,1156,1.727,2.784,-9.794,-8.737,0.602,0,0.521,False
ETHUSDT,bar,5.0,250,100,1209,1.073,2.127,-10.447,-9.394,0.548,0,0.521,False
ETHUSDT,event,8.0,80,50,255,6.008,15.553,-5.513,4.033,0.835,1,0.521,False
ETHUSDT,bar,8.0,80,50,286,3.239,5.245,-8.282,-6.276,0.657,0,0.521,False
ETHUSDT,event,8.0,80,100,321,2.844,7.76,-8.676,-3.761,0.642,0,0.521,False
ETHUSDT,bar,8.0,80,100,342,1.982,3.502,-9.539,-8.019,0.579,0,0.521,False
ETHUSDT,event,8.0,150,50,255,6.076,17.569,-5.445,6.048,0.804,1,0.521,False
ETHUSDT,bar,8.0,150,50,286,3.331,5.46,-8.19,-6.061,0.643,0,0.521,False
ETHUSDT,event,8.0,150,100,321,2.91,10.821,-8.611,-0.699,0.654,0,0.521,False
ETHUSDT,bar,8.0,150,100,342,1.845,4.555,-9.676,-6.966,0.57,0,0.521,False
ETHUSDT,event,8.0,250,50,255,6.116,17.982,-5.405,6.461,0.78,1,0.521,False
ETHUSDT,bar,8.0,250,50,286,3.371,6.362,-8.15,-5.159,0.643,0,0.521,False
ETHUSDT,event,8.0,250,100,321,2.85,8.34,-8.671,-3.18,0.639,0,0.521,False
ETHUSDT,bar,8.0,250,100,342,1.747,3.645,-9.774,-7.875,0.564,0,0.521,False
ETHUSDT,event,12.0,80,50,73,8.862,11.703,-2.659,0.182,0.863,1,0.521,False
ETHUSDT,bar,12.0,80,50,83,5.265,7.683,-6.256,-3.838,0.759,0,0.521,False
ETHUSDT,event,12.0,80,100,87,4.729,10.605,-6.792,-0.916,0.747,0,0.521,False
ETHUSDT,bar,12.0,80,100,93,3.81,6.819,-7.711,-4.701,0.645,0,0.521,False
ETHUSDT,event,12.0,150,50,73,9.017,13.18,-2.503,1.66,0.849,2,0.521,False
ETHUSDT,bar,12.0,150,50,83,5.379,8.009,-6.142,-3.511,0.723,0,0.521,False
ETHUSDT,event,12.0,150,100,87,5.101,8.253,-6.419,-3.268,0.759,0,0.521,False
ETHUSDT,bar,12.0,150,100,93,3.179,6.838,-8.342,-4.682,0.591,0,0.521,False
ETHUSDT,event,12.0,250,50,73,9.228,14.169,-2.293,2.648,0.822,3,0.521,True
ETHUSDT,bar,12.0,250,50,83,5.219,8.867,-6.302,-2.654,0.699,0,0.521,False
ETHUSDT,event,12.0,250,100,87,4.817,7.779,-6.704,-3.741,0.678,0,0.521,False
ETHUSDT,bar,12.0,250,100,93,2.807,7.105,-8.714,-4.416,0.613,0,0.521,False
